Text,Source,Class,Annotator 1,Annotator 2,Annotator 3,Label
"* Your post title should be an accurate summary of your text post. ""Help Needed"", ""Rant"", ""Unpopular Opinion"", are examples of poor titles. 
* /r/India is not a substitute for Google. Only post your query on /r/India after you have searched for an answer on the web.  
* Self-posts also have to be specific to India. Don't copy/paste questions from /r/AskReddit. 
* For relationship queries, please also consider: https://www.reddit.com/r/RelationshipIndia/


*I am a bot, and this action was performed automatically. Please [contact the moderators of this subreddit](/message/compose/?to=/r/india) if you have any questions or concerns.*",Reddit,india,0,0,0,0
"You have given a rare example for generalized question. Everyone can't be SRK nor toppers, but they can be successful. There are many paths to get fame and money, but generally harder the path, lesser the people, and more fame and money. 

However success is very different set, it can overlap with fame and money but not identical with these. What is success for you, may not be the success for others. 

But be careful, doing nothing because SRK was not topper or Einstein was not hard worker will make you nothing. So, don't be delusional reading these stories and seeing motivational stories. If you are not topper, that doesn't mean you are SRK.",Reddit,india,1,1,0,1
"My favourite example is SRK. He has often spoken about his struggles in school and how he was never a top-performing student. Despite this, he went on to become one of the most successful actors in Indian cinema and a global icon. His story serves as an inspiration for students who may not be academic achievers but have other talents and strengths that can lead to success.",Reddit,india,1,1,1,1
"Yeah marks don't matter. Looks and money matter. Being smart is useless when you don't have anyone to guide you, got no resources, and no connections. Not really a plus with out the other two. A curse when you are smart enough to know that. 

This is a hill I would die on and if your experiences are different, good for you.",Reddit,india,1,0,0,1
"You donâ€™t have to look anywhere, most of the influencers, YouTubers who have a following now(200k + followers/subscribers or even less in some cases) started with nothing and are highly successful and probably making more than some FAANG employees. 

For sure, they are cringe, for sure they have a shorter shelf life, for sure some of their private life is gone for a toss but at the end they have become highly successful. 

Some may say that only 1% of influencers have that kind of following or make money but I guess that is the case in every field. Not everyone In tech is making 50LPA.",Reddit,india,1,1,0,1
"This is wrong. SRK is just trying to be too relatable to fans.SRK attended the prestigious St Columbaâ€™s School, New Delhi whose alumni are very accomplished people like the famous cancer specialist Siddharth Mukherjee, deans of Harvard medical and business schools, a lot of IIT ians, business people, CEOs etc.

People like Rahul Gandhi, Sanjay Gandhi,Lalit Modi etc are also alumni of the same school.

Even in this school filled with very smart students,SRK was awarded the schoolâ€™s highest prize,the Sword of Honour because he â€œexcelledâ€ at his studies as well as sports. He then went on to attend the prestigious National School of Drama which has produced some of the most accomplished actors of the country.

As mentioned in SRKâ€™s Wikipedia page:

https://preview.redd.it/t5aozf85wqla1.jpeg?width=1170&format=pjpg&auto=webp&s=2786c94c5ef12ada5d110ae5a2493a6e0191b0c5",Reddit,india,0,1,0,1
"This. Looks and money matter a lot. Smartness isn't a big issue since chaddis are dumb anyways, yet they have so much say in our society.",Reddit,india,0,0,0,1
"Damn bro, mein Ronaldo ko follow karta hu ki Hardwork  se sab possible hain uska toh kuch chupa hua toh nahi naaaa...",Reddit,india,1,1,0,0
Ronaldo is blessed with genetics better than 99.99% of folks.,Reddit,india,0,0,0,1
"Bruh. Ronaldo was a child prodigy who was discovered by a scout at the age of 11. People forget this because Messi is considered to be more â€œtalentedâ€. Of course they work hard, but they wouldnâ€™t be where they are without their inborn talent. So yes, like the other guy said, they have very superior genetics when compared to a normal person.",Reddit,india,1,0,0,1
"I mean yeah I do know that but then if Ronaldo would have relied more  on Talent than hardwork, as Messi does (not that that he doesn't work hard but he's got this once in a generation talent, and even though he may be short in height but his body makes up for it, the  danger tackles that he took and till now haven't recieved  a  career ending injury), as for Ronaldo yeah he's got the talent to be in top 1 percent of the folks out there but then again if he relied on that part then he wouldn't have been you know considered at that pedestal as in where Messi is considered. Like many really good players out there, he would have been in the same league as with them, you know as someone who had his years and was done with it.",Reddit,india,1,1,0,1
"Like I said, they do work really hard. Actually all these famous sports people do. But if Messi, Ronaldo etc werenâ€™t innately more talented than other footballers,they wouldnâ€™t be called  legends today.  

Another fact that we overlook is luck. Like for example, Ronaldo was very lucky that a scout spotted him because his dad was working with a football club or something. Not every poor child is this lucky. 

The belief that everything is possible with hardwork is a good motto but we should be open minded enough to accept what the reality for our idols was or weâ€™ll beat ourselves up if we donâ€™t succeed.",Reddit,india,1,0,1,1
I wish I had seen Lakshya much earlier in life.,Reddit,india,0,0,1,0
Lakshya for me. I have always identified myself with Karan Shergill.,Reddit,india,1,0,0,0
"Rang De Basanti. Especially [this scene](https://www.youtube.com/watch?v=BxXXVBA-R7k) which leads to [this amazing scene](https://www.youtube.com/watch?v=qyruNl7p1ww)

> Koi bhi desh perfect nahi hota. Usey perfect banana padhta hai.

A country is built by its people.",Reddit,india,1,1,0,1
"Rocket Singh. One of the rare Pro business film were the lead doesn't want to open a company to have sports car, date girls and be the richest man and is happy with what little he have.",Reddit,india,1,1,1,0
"""Iraivi (Goddess)"" its a tamil movie. I do not know why it has a profound impact on me. It had kind of a stellar male cast and very male oriented story line but delivered the message of women empowerment and struggle of different types women in India in a cinematic-ally beautiful but in a deep practical way. 

I also loved Lagaan so much. Its my first hindi movie and I did not even understand half of it as I was very young and knew only bits and parts hindi. My brother was translating for me. I cried in the climax. Apart from that I have only cried watching Stuart Little also around the same age.",Reddit,india,1,0,0,1
"Swades. Yes!

Also. Gangs of Wasseypur because ""Yeh sala Hindustan mein jab tak cinema hain, log chutiya bante rehenge.""",Reddit,india,0,0,0,0
"Since you're interested in Gandhigiri, may I suggest ""nonviolent communication"": 

https://www.cnvc.org/

https://en.wikipedia.org/wiki/Nonviolent_Communication",Reddit,india,0,0,0,0
"Main Azaad Hoon

One of the most underrated Amitabh movies. Best scene below...

https://youtu.be/m43VXxG4OZM",Reddit,india,0,0,0,0
Chak de India. I love redemption arcs and SRK's expression after the team wins the WC is brilliant. Earlier in the movie after he loses someone says 'these people should have gone to Pakistan during Partition' . It's weird how this phrase has become normalized now.,Reddit,india,1,0,0,1
Anniyan or Aparichit a Tamil movie which had a profound impact on me I was pretty young when I watched it but it inspired me of what our country is capable of and what we can achieve if we get rid of our corrupt methods.,Reddit,india,1,1,1,1
swades popped up in my head even before reading your description.,Reddit,india,0,0,0,0
"Mumbai Meri Jaan  
  
About the aftermath of Mumbai serial train blast (7/7) and how normal people coped with it from various perspectives. Truly inspiring & tolerant",Reddit,india,1,1,1,1
Dangal - Inspired me to preserve my physical fitness goals. I went down to lose 5 kgs and run a marathon that year.,Reddit,india,1,1,1,1
"Another user mentioned Lakshya.

Seems it resonated with the young audience at that time. I was very little back then don't remember much.",Reddit,india,0,0,0,0
I was going to post this. Rang De Basanti is top tier.,Reddit,india,0,0,0,0
How did you even gather the courage to see them,Reddit,india,0,0,0,0
Generally curious about this movie. Could you tell your reasons why you liked it and even inspired by it? I have started watching it and it felt like a typical movie. The plot includes some protest outside factory but then again I haven't seen it fully.,Reddit,india,0,0,0,0
The person who doesn't know what this movie is must be thinking How a Gunda redeems himself to be a responsible citizen ðŸ˜‚,Reddit,india,0,0,0,0
Going to take one vitamin sex ki Goli in solidarity,Reddit,india,0,0,0,1
"A friend from malaysia told me that , they made all engineering students watch this movie on their first day .",Reddit,india,0,0,0,1
"Not just the balanced depiction of a soldiers life. But also a good depiction of the boy to man journey. Other films have done it better. But this one was good with great packaging around direction, music, cinematography and script.",Reddit,india,1,0,0,1
"No man Bulla = Khulla.

He's always prepared to transact with small denominations.",Reddit,india,0,0,0,1
Haha no. I am a sucker for movies which has a story line of awakening of the protagonist who finally finds his way and does something in life. Someone has already mentioned lakshya in the thread which has a similar theme.,Reddit,india,1,0,0,1
Was at an Nit for 3 years kicked out of college cause of bad grades kicked from own household by parents cause of not finishing engineering somehow got into the house back started a business compleated my bcom along with running a fairly successful business. Recently got married now looking to go to a bschool to take a step further in life.,Reddit,india,1,1,1,0
"Cleared 15 atrears in one sem, managed yo get a mediocre 65% after completing enginerring",Reddit,india,1,1,0,1
"Bad in studies. 

See people writing marks don't matter and believe in them. 

See my friends failing and dropping a year. 

 Left those friends. Joined a more mediocre group who party but only occasionally and not frequently. 

Get Good grades. 

Go in a good college. 

Life looking good. 

The popular kids who party hard and smoke weed on a regular basis even during breaks, people who argue with teachers and make fun of them to look cool are actually retarded. 

Get a group of friends who party and even smokes or drinks but in limits. You don't need to be high 24/7. ",Reddit,india,1,0,1,1
Started chewing rajnigandha pan masala. Now i own east india company.,Reddit,india,0,0,0,0
"After reading some of the stories here, god do I feel embarrased to call my time a struggle. But nevertheless.


I was a pathological liar, an attention seeking whore and a good for nothing idiot who like any other entry in /r/iamverysmart thinks hes edgy. My parents werent as strict and they gave me full independence on what to do. I thank god for giving me parents like these, but I wish that the only people I expected to point out my nature did so. Picked on by friends, never could join the group I wanted and ended up with the losers of the class (even though I was good friends with one or two people in the group). This thing continued like a pattern and even in college I faced the same thing, The c word continues to haunt me as I really want to figure out how can I change. 


Still, sometimes your ego and arrogance does help. I was made fun of sarcastically that Ill bring a rank in JEE for sure and in the end  I was the only person who brought it. Take that ya idiots!


Also a person literally told me to go to hell when I asked on fb if DTU is better or NSIT. I cut many of my friends off and Im happy now.


What I never understood is why am I always attracted to the loser crowd and then I emerge to be the underdog. I wish I were one of the good ones.",Reddit,india,1,1,0,1
"Bad at handwriting, chose a career where not much of it is used.

Remember, *you* can do anything. Never let anyone tell you otherwise. ",Reddit,india,1,1,1,1
These [10 Differently-Abled Indians Who Are A Big Inspiration](https://www.youtube.com/watch?v=oXh8hJLNEUw) will do more than just motivating you,Reddit,india,1,1,0,1
"I bet my a$$ , we all are big failures in front of the hero you are for us.
",Reddit,india,0,0,1,1
"Give your mom a hug for me man, you are an inspiration. You know what, your post makes me wanna be a better person. If you ever need any what soever sorta help, call on me man. 
",Reddit,india,1,0,1,1
"Fuck. I was going to make a funny post on this thread - ""I overcome my failures with Old Monk, one peg at a time"" - but your story moved me to tears. Thanks for writing and making some of us introspect on the meaning of failure and what it takes to overcome it. Hats off to you.",Reddit,india,1,0,0,1
You probably gave a hundred people a completely new perspective on life.,Reddit,india,0,0,1,1
"I am speechless now. Very inspiring sir :')

Do checkout the Weekly Hacker Threads (posted every Saturday at 8.30PM) you will be enjoy them!",Reddit,india,0,0,1,1
"I salute you man. I really respect and envy your courage and motivation.

You should do an AMA.",Reddit,india,1,0,1,1
"You're a hero for getting through all of this and still pushing through. I can only say this to you - https://www.youtube.com/watch?v=4HJndOdherc

I wish all the best in life mate.",Reddit,india,0,0,1,1
GodSpeed brother. The force is with you. You have us all as one big family to cheer you and be by your side whenever you give us a call.,Reddit,india,1,0,1,1
">I started looking for gigs online and took up shitty jobs which paid next to nothing.

Where can one find such gigs,i need to get off the ground and start doing something that pays,not waste time contributing to open source projects. 

I am going to show your post to my mom who thinks coding's a waste of time.

Your struggle story is quite inspiring.",Reddit,india,1,0,0,1
"Good luck Bro. I certainly hope (and pray) that you'll walk someday.
Can you control your upper limbs now?",Reddit,india,1,0,0,0
I cannot express how motivated I feel after reading your post. We really do take what we have for granted. Thank you for that beautiful write up.,Reddit,india,1,0,0,1
And I came here to talk about my 'failures'. Tagged you as champion.,Reddit,india,0,0,0,1
one of the most energetic guys i know was in a similar accident and he too has become hip down disabled. i hope he makes a recovery like you did.,Reddit,india,0,0,1,1
"You persevered and I hope you  keep preserving. Keep on shining, brother. Never dim. ",Reddit,india,1,0,1,1
"Amazing and positive story! May you achieve everything you wished for.
Just out of curiosity- before the accident did the universe ever try to signal that such an incident may occur? Like previous regular accidents etc.? I had a pretty crazy accident as well and on that morning , I had the weirdest feeling ever, like something telling me not to make that road trip. Sorry I know this maybe personal, so feel free to completely ignore this post too. 
God bless you!",Reddit,india,1,0,0,1
"Randia respect, man!


Pretend you are professor x and we are your x-men :) 


",Reddit,india,0,0,1,0
You are the best randian i have come across ..people like you give me hope ..keep rocking...,Reddit,india,0,0,1,1
"Your unbelievable persistence and determination is truly inspiring.  

Do you think you would have been this successful if you hadn't met with the accident ?",Reddit,india,0,0,0,1
What an incredible story to inspire all of us. Salud. 2 questions. What do you say to people who say it was happen or it was fate or some condescendingly positive statements like that? Does that rile you up? How has the injury affected your religious beliefs?,Reddit,india,0,0,0,1
"For anybody wondering who Navin Gulia is, this should help: http://yourstory.com/2014/11/navin-gulia-story/

And dude you are awesome :)",Reddit,india,0,0,0,0
Which NIT? (if you don't mind me asking!!) Also Good Luck. Let me know if you need advice on CAT/XAT prep.,Reddit,india,0,0,0,0
Man... now i feel bad for all those time i called you names on r/bakchodi,Reddit,india,0,0,0,0
The word of advice at the end is the golden rule. Nothing is greater than your health.,Reddit,india,1,0,1,1
"> I've been beaten up in my neighbourhood, had the ladi-patakhas stuffed forcefully into my shorts, me along with me bicycle pushed into the gutter and the worst, a guy who used to be in our transport-share to school, try to strangle me and kicked me in my abdomen in front of my disabled uncle who was visiting, who could do nothing and my mother helplessly pleading with this big hulking punjabi 15-year old to leave me alone. Why you ask? Because the van would pick us up at 6-30 AM so I would have breakfast on the way. Apparently the dosa-chutney smelt like ""fucking madrasi shit""

What the fuck, man. I'm at a loss of words. People can be real assholes sometimes",Reddit,india,1,0,0,0
"Goodness fucking gracious. Man, I hate when idiots with political agendas interfere with science. Seek help for alcohol abuse, man.",Reddit,india,1,0,0,0
"What kept you going? Through all the trials and tribulations, the failures and challenges, what was it that kept you moving on? And how did you deal with depression and still work hard? Did you have a goal in mind, and was that the only motivation?",Reddit,india,0,0,1,1
Why did those delhi kids used to bully you? Because of you being southie ?,Reddit,india,0,0,0,0
"I feel you man , I was in Delhi as well the neighborhood used to give me shit like was a criminal or something (dad got transferred to Delhi) .I'll never go to that city again",Reddit,india,1,0,0,0
"I didn't expect to see anyone from the Max Planck animal experimentation controversy on r/india. Sometimes I still see those animal rights idiots in altstadt. Its sad to read that you had to give up on your project due to all. Hope things get better for you. If you ever feel like grabing a beer and want to talk about shit, just PM me.",Reddit,india,1,0,0,0
"Your submission has been removed because you posted a Facebook link. For the privacy of you and others, direct Facebook links are removed. If your post is an image, please rehost at [imgur](http://imgur.com).

*I am a bot, and this action was performed automatically. Please [contact the moderators of this subreddit](/message/compose/?to=/r/india) if you have any questions or concerns.*",Reddit,india,0,0,0,0
Never felt like sharing mine .compared the the first guy I at least me I had it easy .,Reddit,india,0,0,1,0
"Thanks bro, but you're not a failure. This is not a competition and there's nothing about my problems that make me superior to anyone. We all have our own set of hardships which we didn't ask for. Granted some of us are dealt a shitty hand at life , but it shouldn't make anyone else less important. 

My therapist used to say life sometimes waits for a disaster to reveal itself at its most beautiful",Reddit,india,1,0,1,1
"Thanks,That was really touching, and I'm glad my experience can five you to be a better person. 

I don't show it in front of her but words cannot explain how grateful I am for all the sacrifices she has made for me. 
",Reddit,india,1,0,1,1
"Thank you for reading. I'm glad my story could help. 

Speaking of old monk, I've yet to try it. I only drink (in hiding) when my friend comes over, he does all the logistics and shopping. We go find a secluded place in complex, finish half vodka (together) and come back after bathing in deo, mouth spray and onions. :D I keep pestering him to let me try old monk he never agrees, says it will smell horribly any my mom will figure it out. ",Reddit,india,1,0,0,0
"Depression is not completely in our control man, a lot of it is biological, just like any other illness. We do however have some say on how we cope with it. I don't have any more right to be depressed than you or anyone else for that matter. I've seen people in rehab who were also patients like me but they were always laughing their hearts out, chatting with staff, playing cards, There was a sardarji who made the while ward (8 beds) laugh with his snide remarks on hospital owner for extorting so much money.

 It's mostly how we're built and brought up that decides our outlook towards life. 

>I went through your entire post history and I'm in tears right now.

That's what you get for stalking. :)

 I want to write a book as well, but lack motivation.Feels like if I don't document my experiences soon enough they'll start fading away with time. ",Reddit,india,1,1,0,1
"Didn't think about that, it could be. There are people I look up to, and the mere presence of those people motivates me to keep pushing forward, like my uncle, my manager at work, couple of other injured folks I met in rehab. If I could be that motivation for someone else, it's a great thing. ",Reddit,india,1,0,1,1
"Thanks. 

>Do checkout the Weekly Hacker Threads

What makes you think I don't already ;)",Reddit,india,0,0,0,0
"Thank you for your kind words. don't underestimate your courage, half the time we are unaware of our limits because we haven't really been pushed that far. 

 I can do an AMAA, not now though, since it's my bed time. But if you have any questions, feel free to drop a comment or PM. ",Reddit,india,1,1,,1
"Thank you, dwarka ji. It's a nice song along the same line as my favorite https://youtu.be/CYkADd5RNXU",Reddit,india,0,0,0,1
"Thanks batsy, might take you up on your offer one day",Reddit,india,0,0,1,0
"I started off on what was called rentacoder.com..This was later re branded to vWorker.com and finally acquired by freelancer.com Now a days, I have heard oDesk is nice. 

Open source contributions aren't useless. your GitHub account is just as important as the resume, if not more so. It is a testimony of your skills. lack of OSS, contributions (almost empty github) is limiting me from finding new job to some level. Rest of it is slacking. 

",Reddit,india,1,0,0,1
"Thank you! unfortunately, unless there's a ground breaking discovery in medical science around stem cell and nerve repair, which isn't likely for decades, I will have to make do with a chair, and that's okay. I've come to terms with it, after a long time. 

I do have partial controls over my upper limbs, and none in fingers.

 It's kinda difficult to explain in words. If you have time, watch this video https://youtu.be/Ou8_BbgPosk. It's about a guy my age from US who got a similar injury as mine while he was in India. He went back, got therapy from the states (which is why his independence levels is a bit higher than mine). He and his family have since devoted a lot of their time in helping improve the conditions of Spinal cord injury patients across India. I've met him several times and he really was a true inspiration. 

The video talks about his life journey and also about the life of quadriplegics in a home for disabled, based in Pune. ",Reddit,india,1,1,0,1
"this does not make your failures any less important, not in the slightest. Please feel free to share",Reddit,india,1,0,1,1
"are you still in touch with him? you should give him a call, or send a Facebook message,, you know, just to let him know he's in your thoughts. don't mention his health. A lot of old friends when they message on Facebook ask how's my health now. Am I still in wheelchair... there's nothing wrong with my health, it's not a disease it's an injury, and it's permanent. I politely reply that I'm fine and change the topic",Reddit,india,1,0,0,0
"I've said this earlier and saying it again, no one has exclusive rights to feeling shit or depressed. As long as you're human you will have emotions.We all have our own baggage to carry.  Wish you all the best for your future endeavors, keep your chin up. 

>Sharp looks which make women stop in their tracks, kids take my hands and men follow my words.

I like your confidence level. ",Reddit,india,1,1,0,1
"Thanks for your kind words. 

>Just out of curiosity- before the accident did the universe ever try to signal that such an incident may occur? Like previous regular accidents etc.? 

Nothing like so. I mean if you look back in hindsight you'll try and find clues which were telling you not to do ""that"" thing, trying to warn you about an impending disaster, but it's only in hindsight that we think about these things. 

That day, I was hanging out with a friend and he asked me not to visit the place I was going to (and where I'll eventually get injured), and instead wanted me to hangout with him in a cyber cafe. I used to regret not listening to him, but then I realized there wasn't anything special in what he asked that day because he had done it many times earlier as well. 

My family, I think, had their signs of warning, when my grades started to plummet and I was caught bunking classes. But again, these things are normal for a kid in that age. It's kind of connecting the dots which are not there. 

Maybe you had a different experience. I hope you are fine now, after the accident. ",Reddit,india,1,0,0,1
">Do you think you would have been this successful if you hadn't met with the accident ?

Not at all. I had turned into a stereotypical carefree engineering student, back in school itself. Chasing highs, loafing around, and neglecting studies. The subjects were boring and difficult, so that didn't help. I loved computers but never chemistry or physics. Had picked up some other bad habits as well. 

It was sort of my rock bottom. Every wrong decision I took out of naivety led me into that situation. That was a painful slap of reality which shook me right up to the core. Sure I would have gotten into some engineering college, slacked my way thought it, get a job in some IT labor shops, probably mba or something later on, but this is different. not saying that I'm happy that it happened, that would be too sadistic of me. Given a chance, to relive that day, I'd still pick that monotonous life and mediocre job over this injury. Even with all the good thingswhich have started falling into place now, that struggle just for existence is too damn painful and very drenching for everyone around you",Reddit,india,1,0,0,1
"Thanks. Navin is an amazing person and he is one of many such people. I cannot post all their names and stuff (because of personal info) but if anyone is interested, there's a Facebook page called Indian Wheelchair Rugby. It's a group of people in similar condition working against all ods to raise awareness about how to achieve independence in a wheelchair and promote wheelchair rugby (murderball) in India. There's an international murderball event in which they wish to represent India one day.

PS - Everyone should watch the movie Murderball.",Reddit,india,1,1,1,1
Nagpur. Actually I am done with all my exams. Did decently well in every one of them. Let's see how the interviews go.,Reddit,india,0,1,1,0
"you've had a tough background and a dysfunctional family. I'm so glad you decided to move away at 19.There is no bravery in suffering if it can be avoided. It's great that things worked out for you, and you should be proud of yourself! Are you still in touch with your parents, have they improved some or are they still the same",Reddit,india,0,0,0,1
"Yeah. I still remember this as clear as day. It was 1998. The dude said I shouldn't eat my breakfast in the van. I pointed out that he and the rest did it too. He said but that's ""normal"" stuff like bread-jam or paranthas. I told him that dosa-chutney or akki rotti or upma is normal for me. He said, ""sun, bahut zyada ho gaya. Hum tumhaari mummy ko chetaavni de rahe hain. Ainda se tu apna khana is van mein nahin khaayega. Bol dena unhe"". I got pissed, started arguing which culminated in him getting out with me right under the neem tree in front of our building and choking me against the tree. I start screaming at first so my mum and uncle came down. In the end the van driver had to pull him off.",Reddit,india,0,0,0,0
">  political agendas interfere with science

they interfere everywhere and everything .",Reddit,india,0,0,0,0
You want a life of significance instead of one of mediocrity. That will always be my motivation.,Reddit,india,1,1,1,1
"That was a bit extreme. I mean, I am from Delhi as well, and in school, had a South Indian in my group of pals. Even being from a Govt. school, I didn't see a single guy bullied him anytime. The most that they uttered was the word 'Madrasi', which he took in his stride as it was never called out of repression or to offend him. In turn, he used to call 'Sardar' or 'Pundit' to the ones that were.

Not sure which part of Delhi did you moved to. I am from Southern part of it.",Reddit,india,0,0,0,0
"Oh wow that programme I've heard is a great programme at the TUM; one of the best such programmes anywhere! Congratulations!

Yep master's in DE seems to be ridiculously thorough and hard. I see quite a few students from the US who come here to our grad school for their MSc and they too struggle a lot. My friend did her MSc Neuroscience at Edinburgh and they didn't even cover literally 25% of what we did in our master's in Munich. 

The thing is, when you get through such programmes successfully, you are equipped with a shit lot of skills and knowledge. 

Don't regret what you didn't do. You and everyone makes choices at a point after quite some thought. 

I had to manage it by working hard, playing, swimming etc. And single-minded focus. 

Heh I see what you did there with the **A** beer. Sure, I'll hit you up the next time I am in Munich. I was there for a couple days in December actually.

Good luck mate!",Reddit,india,1,1,1,1
"You in TÃ¼? PM me. I'd be glad to grab a beer. If you've lived in TÃ¼ long enough, you'd know the Haus der Rothenburg. Just drop by any day after 1900 hrs and we can light a nice fire, play some billiards or table-tennis and drink some beers. Just PM me. :)",Reddit,india,0,0,0,0
"Yeah, they say like their is no benefit of studying. If you get good marks in school then you get a good college, if you get good gpa in college you can get a job easier in placement. It's not like its all bad. Sure in the long run it might not matter but that doesn't mean you can stop studying all together. I know what I study won't be required in my job but it will atleast help me get a better one. 

Saying that the education system is broken and then staying at home doesn't solve shit. If you don't like our education system then change it or open a start-up but till then we will have to deal with it. ",Reddit,india,1,1,0,1
Good man. You are the kind of person our youth needs to look up to.,Reddit,india,0,0,1,1
Tell her how much you love her and thankful for all she's doing for you. She is a great mom. She must know your feelings for her. Hugs to your mom.,Reddit,india,1,0,1,1
"Old Monk does have a strong, distinctive odor. If you are trying to hide your drinking from your mom, definitely avoid Old Monk. LOL @ bathing in deo, mouth spray and onions :)",Reddit,india,0,0,0,0
"> What makes you think I don't already ;)

didn't recognise the username, so may be I have missed",Reddit,india,0,0,0,0
I do know freelancer.com never thought it was legit.Will try it during summer vacations.,Reddit,india,0,0,0,0
He is still in hospital and unable to speak as of yet. I'll keep your advice in mind while meeting him next time.,Reddit,india,0,0,0,0
I think you replied to the wrong guy. You probably meant to say this to u/disco_jutti.,Reddit,india,0,0,0,0
shit man.your parents didn't complain to his parents or anything like that?,Reddit,india,0,0,0,0
"Thats very sad, and I am sorry you had to go through that. But being from delhi..i can tell you its not that typical . Your parents should have screwed that 15 year old's ass instead of pleading. This is how delhi is. Sometimes you have to adapt to being an asshole. Something similar happened to me, and I loved watching my dad scare the shit out of their family. That guy never came close to me again. ",Reddit,india,1,0,0,0
"Bullying is rarely just because someone is different, it's mostly because the bullies view you as a ""threat"" and feel the need to show you your place.  Or they see you as someone meek/weak that they can dominate over and get others  to be scared of them.

Considering OP  has had no problems getting into multiple world class institutes and a string of girlfriends. He was probably like that in school too and the bullies felt he was a making them look bad and singled him out for special treatment.",Reddit,india,1,0,0,0
"This is an alt, I use main account for other things.",Reddit,india,0,0,0,0
"Oh they did. If kids are arseholes, parents usually are too. They defended their kid saying he is an angel and he can't do something like that. ""bachchon ke beech khel khel mein aisi cheezein hoti rehti hain jee. Koi nahin...""",Reddit,india,0,0,0,0
"The Hoysaleshwara and the Chennakeshava temple in Hassan, Karnataka. Two of the most famous Hoysala temples. Every sculpture here tells a story. They are ~13 km apart and are equally amazing. The architecture here will blow your mind. I remember the first time I saw the Chennakeshava temple - I was 9 years old, a history buff and I was mind blown. I never gave a fuck about seeing clowns or going to a circus, but visiting historical monuments was a my thing and I think my visit to this temple shaped me. Please hire a guide if you go here, because you will not see the intricacies in the carvings if someone doesn't tell you. The churning of the ocean, Mahabharata, ramayana, wigs, skirts..everything. If you don't want to travel 300km, you can go to the Somanatheswara Temple on Kanakpura road, 100 odd km from Bangalore. Ramachandra Guha thinks that this is the most beautiful temple in South India - if you give a fuck about his taste. Nonetheless, you will be amazed.

There's one series of carvings that particularly caught my attention. I'm quite sure it was at the Hoysaleshwara temple. It just shows everyday life. There's a carving of a woman with a donkey's face and a guy lusting over her - they're about to get married. This is to indicate that men, when they reach marriage age, will fuck anything :D",Reddit,india,1,0,1,1
Tanjavur big temple and the Madurai meenakshi temple.More than Hindu scriptures they are architectural wonders!,Reddit,india,1,0,1,1
"Kadarnath. One of a kind, over 1000 years old and made from solid blocks of rocks and stood test of time.",Reddit,india,1,1,1,1
Kailasha temple in ellora. I have seen Angor wat but I still think Ellora is the greatest wonder.,Reddit,india,1,0,0,0
"1. Sree Venkateswara Swamy Temple, Tirumala, Andhra Pradesh
2. Somnath Temple, Gujarat.
3. Meenakshi Amman Temple, Madurai, Tamil Nadu
4. Dwarakadesh Temple, Gujarat
5. Sree Krishna Temple, Guruvayur, Kerala
6. Sree Anantapadmanabha Swamy Temple, Trivandrum, Kerala
7. Shiva Mandir, Bardrinath
8. Shiva Mandir, Kedarnath
9. Akshardham, New Delhi
10. ISCKON, Bangalore.
11. Kajuraho, Madhya Pradesh
12. SriSailam Mallikharjuna Swamy Temple, Andhra Pradesh
13. Gokarnatheswara Temple, Mangalore, Karnataka
14. Dharmasthala Manjunatheswara Temple, Dharmasthala, Karnataka
15. Shiv Mandir, Amarnath, Jammu Kashmir
16. Mata Vaishno Devi, Katra, Jammu Kashmir
17. Omkareshwar, Madhya Pradesh
18. Mahakareshwar, Madhya Pradesh
19. Kamakhya Temple, Assam
20. Srirangam Ranganatha Swamy Temple, Srirangam, Andhra Pradesh",Reddit,india,0,0,0,0
"I went to Sri Kalahasti while I was visiting Tirupati to visit the Tirumala temple. As a North Indian, I loved to see how different the architecture was. I would highly recommend these two. 

As an experience, my favourite was Tirumala temple. We went without any plan. The plane landed at the airport, and buses were waiting to take us to the temple. Once in the temple complex, found a place to stay overnight, and visit the next day. 

To be honest, the whole temple was an experience. The actual Darshan: I don't know how there aren't more stampedes there. I hardly saw the Balaji statue. The paid line is worth going to. It moves fast, and you're fed while you wait. At least 4 hours in the paid queue. I believe 48 hour wait in the free queue.",Reddit,india,1,0,1,1
"Nothing beats Amarnath!

The final temple is just a cave with an icicle resembling a shiva-lingam.

But the path to the temple!!!!! Absolutely mind blowing trek!

[Sonmarg](https://www.google.co.in/search?q=sonmarg&hl=en-IN&gl=IN&source=lnms&prmd=imnv&tbm=isch&sa=X&ved=0ahUKEwii5N6AuIbPAhXKLo8KHanZBGEQ_AUIBygB&biw=360&bih=482) is probably one of the most beautiful places on the planet!",Reddit,india,1,0,0,1
"There are many, I cannot select a single best. These are some of the good ones I've visited in the past:

1. Badrinath temple in the Himalayas.
2. Kashi Vishwanath temple at Kashi in UP.
3. Dwarka temple in Gujarat.
4. Udupi Krishna temple in Karnataka.
5. Tirupati Balaji temple in AP.
6. Ananta Padmanaba temple at Trivandrum in Kerala.
7. ISKCON temple at Vadodara in Gujarat.",Reddit,india,0,0,0,1
"Ram janma bhumi , ayodhya. I'm not being sarcastic. The roads, security are top notch.",Reddit,india,0,0,0,0
I enjoyed the serenity and calm of the Vadakkunnathan temple in Thrissur (Kerala) and the Virupaksha temple in Hampi. Not a big fan of the more crowded pilgrimage sites.,Reddit,india,1,0,0,0
Not many great ones left in the north I think.,Reddit,india,0,0,0,0
"My personal favorites:

Meenakshi Amman Temple, Madurai, TN

Ramanatha Swamy Temple, Rameshwaram, TN

Kedarnath, Uttarakhand",Reddit,india,0,0,0,0
Khajuraho. Assuming you are not visiting a temple for worshipping a particular deity and just want to take it all in.,Reddit,india,1,0,0,0
"Nothing beats Akshardham, New Delhi.

There may be a number of temples which have more visitors, more funds and everything, but Akshardham is the best temple when it comes to management. It's very near to the metro station so reaching there is really easy. The security system is awesome, you aren't even allowed to take your phone with you, but they have cloak rooms where you can keep your stuff safe, for free. The beauty of temple is awesome and the what a clean temple. Awesome place! 

The evening water show is a must watch. If you come to Delhi, Akshardham is your place to go. Trip is incomplete without that. ",Reddit,india,1,0,1,1
"Ajanta caves, Shiva temple or Elephanta Caves that place should be in Earths wonders.",Reddit,india,0,0,0,0
Most of the highest upvoted examples are mostly in Southern India. What are the best temples in Northern India?,Reddit,india,0,0,0,0
"I just went to the Eklingji temple in Udaipur. Really exquisite carvings and sculptures, not many people but it's pretty small. 

Otherwise Badami, Aihole and Pattadkal in Karnataka and Meenakshi Amman, Thillai Natarajar and Srirangam Ranganathaswamy temple in Tamil Nadu are great. ",Reddit,india,1,0,0,1
Sabarimala temple is awesome with the temple being located in the deep wilderness of the Sahyas but the crowd really spoils the entire thing. Hordes of half-naked sweaty pilgrims who eat and shit wherever they can. Must be worth a visit during off-season.,Reddit,india,0,0,0,1
"Don't see anyone mention Konark temple. It is not an active temple, but amazing architecture and stone carvings ... the whole temple is structured as a chariot of (sun) god ...",Reddit,india,1,0,0,1
"Tirumala, Yeah Its crowded but once the main temple visit is done. The untouched pristine nature around the hills will take your breath away. ",Reddit,india,1,0,1,1
The idol in your house . Going to temples doesn't amplify your faith .,Reddit,india,1,0,1,0
"Dude can you a post about this chennakeshava temple explaining the intricacies with the pictures, I would love something like that.",Reddit,india,0,0,0,0
"I went to the Chennakeshava temple when I was 12 years old, as we happened to pass by Belur. It blew my mind as well. I've never seen anything like it, before or since. There were maybe hundreds of miniature figures carved in stone. Each of the figures had its own unique features. It appeared the entire complex was carved out of a single block of stone.         

I remember thinking about the kind of effort it took to chip away stone to create something so big, yet so intricate.    ",Reddit,india,1,1,1,1
"Seconded, The architecture is jusr beautiful to look at.

Once you come outside, Muniandi Villas' Kari Dosa is also heavily recommended.",Reddit,india,1,0,1,1
"When I hear ajanta and ellora, I wonder how many of our rich history would have been buried if not Fir the British explorers",Reddit,india,1,0,0,1
"> Srirangam Ranganatha Swamy Temple, Srirangam, Andhra Pradesh

Srirangam = TN",Reddit,india,0,0,0,0
Seconded. Angkor Wat doesn't hold a candle to this architectural wonder,Reddit,india,0,0,0,0
"Vaikunda perumal and Varadharaja perumal temples too.   
Esp the stone chains and that one Vinayakar statue in VaradharajaPerumal complex :D",Reddit,india,1,0,0,0
"Oh god! Badrinath is heavenly. Have been there twice. Its not the temple per say but the surroundings and the journey itself. Crossing the gushing alaknanda, fearing what if you fall, looking at Nanda Devi, I wouldn't mind at all going there again.",Reddit,india,1,0,0,1
"Not one compared to south other than Khajuraho and Dilwara-Jain I think.  All destroyed, all gone. What we have now are modern ones like Akshardham, Dayal Baug, Somnath and Birla temples.",Reddit,india,1,0,0,0
"It is a nice place and is very convenient as you said. But cmon, its nowhere near ""best temple in India"". 

There are several temples 1000s of years old with stunning architecture all over the country. Especially the great temples in the south by Cholas are mind blowing. Some of these temples were engineering marvels of their time and people still wonder how on earth it was possible to build them.

edit:

check out this documentary
https://www.youtube.com/watch?time_continue=246&v=C9okq94r4yA",Reddit,india,1,1,0,1
"Akshardham is not really a temple. You have to pay to enter. It's more of a museum of the Swaminarayan sect. As a museum, I'd give it top marks and definitely would put it on the must-visit list in Delhi. As a temple, I enjoyed ISKCON temple in Delhi much more. ",Reddit,india,0,0,0,1
"I'm sorry but Akshardham is the Hindu equivalent of a Texas megachurch. It's a bloody eyesore and should be bulldozed in my honest opinion, as it's illegally built on the Yamuna floodplain. ",Reddit,india,0,0,0,0
"Like we have grocery stores, they have temples. There is a Bharat Mata temple too!",Reddit,india,0,0,0,1
"One of the worst experience I've ever had was at this place. Its a mad rush, people can go to any lengths to just get one place forward in the queue.",Reddit,india,0,0,0,0
True. But here the evaluation is as center's of architecture and culture.,Reddit,india,0,0,0,1
"That would be much effort, but why not? I'd want to do this. I'll keep you posted!",Reddit,india,0,1,0,1
"I am not religious, but I would visit this temple again.

It's the most beautiful temple I've visited.",Reddit,india,1,0,1,1
Ellora wasn't hidden though. Even Aurangzeb camped there for a while.,Reddit,india,0,0,0,0
"> It's a bloody eyesore and should be **bulldozed** in my honest opinion, as it's **illegally** built on the Yamuna floodplain. 

That's what they said for Babri Masjid. 
",Reddit,india,0,0,0,0
My Tirupathi experiences played a major role in me becoming an atheist.,Reddit,india,0,0,0,0
"I can vaguely make out the idiotic point you're trying to make here, but Babur had more civic sense than to build on a floodplain. Those Akshardham chutiyas don't. ",Reddit,india,0,0,0,0
"ðŸ˜‚ although I'm an agnostic,  honestly it wasn't that bad. I went this summer with my parents and now they have online booking and shit.",Reddit,india,0,0,0,0
"Where I live, you don't get kakdi all through the year.

Kheera is what is available.",Reddit,india,0,0,0,0
It wasn't Babar who had the civic sense but the people who built the temple centuries before him.,Reddit,india,0,0,0,1
"Well, why don't the Akshardham chutiyas take a leaf out of the book of those glorious temple-builders of yore?",Reddit,india,0,0,0,0
"From Kerala one of the earliest individuals to rebel against British East India Company.

* [Velu Thampi Dalawa](http://en.wikipedia.org/wiki/Velu_Thampi_Dalava), I don't know if he will qualify as a freedom fighter tho.
",Reddit,india,1,1,0,0
anyone who spent time at Kala Pani in the Andamans.,Reddit,india,0,0,0,0
"The youngest freedom fighter martyr of the country, the brave boy who refused to take the British cops across the river and was shot to death. His name was Baji Rout and he was 12 at the time of his death.",Reddit,india,1,1,0,1
[Pazhassi Raja](http://en.wikipedia.org/wiki/Pazhassi_Raja) who fought both the Mysorean and British Armies.Mammootty starrer ['Pazhassi Raja'](http://en.wikipedia.org/wiki/Pazhassi_Raja_(2009_film).,Reddit,india,0,1,0,0
"Dude, there are so many of them. Yesterday I was seeing Shahrukh's interview on Independence and he mentioned how his father was a freedom fighter and cherished his Tamra Patra (Copper inscription GoI later gave to freedom fighters).

In my mother's family there are two small-time freedom fighters. One was a teacher of Maths and Sanskrit who left Govt School to open a new one in after Gandhi's Non-Cooperation Movement. He continued it even after the movement was suspended. He was arrested for carrying the flag and raising the slogan in some procession, etc. His Tamra Patra is with my Maternal Grandfather. Another guy about whom very little is known about was a radical Marxist. He is said to have escaped prison pretending to be sick and being taken to a hospital. His past is mysterious but in all probability his faction did not join mainstream politics even after independence and he was captured and killed sometime in the 50s or 60s by the Free Indian forces. 

When I was a lot younger I knew a friend's grandfather whose ankle cartilage had been clipped by the British during Gandhi's QI and had been on crutches ever since. ",Reddit,india,1,1,0,1
[Veer Vinod Kinariwala](http://en.wikipedia.org/wiki/Vinod_Kinariwala) a student activist and freedom fighter shot by the British.,Reddit,india,0,0,0,0
"I would like to pitch for some aadiwaasi freedom fighters

[Veer Narayn Singh](http://www.pccchhattisgarh.org/shaheed-veer-narayan-singh) from CG. Raipur stadium is named after him 

[Birsa munda](http://en.wikipedia.org/wiki/Birsa_Munda) from Jharkhand

",Reddit,india,0,1,0,0
"Makhanlal Chaturvedi and Subhadra Kumari Chauhan.

They are not little known but they are definitely little known as freedom fighters.

There poems inspired many freedom fighters and are still staple nationalistic poems.

Hindi speaking people will know Makhanlal Chaturvedi for ""Pushp Ki Abhilasha"" and Subhadra Kumari Chauhan for ""Jhansi Ki Raani"".

Trivia: ""Pushp Ki Abhilasha"" was written by Makhanlal Chaturvedi while being in jail, for participating in Non-cooperation movement.

Edit-Grammer",Reddit,india,1,1,1,1
"I don't think [Sangolli Rayanna] (http://en.wikipedia.org/wiki/Sangolli_Rayanna) gets mentioned a lot in the freedom struggle. He was part of the 18/19th centuries, may be that's why.",Reddit,india,1,0,0,0
"Not from my region, but [Pritilata Waddedar](http://en.wikipedia.org/wiki/Pritilata_Waddedar#Pahartali_European_Club_attack_.281932.29) is one of my favorite revolutionaries. Little is known about her. She was part of the team that attacked an English Club with the signboard ""Dogs and Indians not allowed. """,Reddit,india,0,1,0,0
"Apparently, many people in /r/india don't even know about many  famous Indian freedom fighters.",Reddit,india,0,0,0,0
"I thought Kattabomman was quite well-known, especially because of the [movie](http://en.wikipedia.org/wiki/Veerapandiya_Kattabomman_%28film%29), no?

People like [Puli Thevar](http://en.wikipedia.org/wiki/Puli_Thevar) are little-celebrated, though.",Reddit,india,1,0,0,0
"Almost all of [these](http://www.kamat.com/kalranga/kar/leaders/freedom_fighters.htm) people from Karnataka are little known outside the state. As also the [Halagali beDas](http://en.wikipedia.org/wiki/Revolt_of_Halagaliya_Bedaru).

Slightly better known is [Kittur Chennamma](http://en.wikipedia.org/wiki/Kittur_Chennamma).",Reddit,india,0,0,0,0
"T.B. Cunha

Not against British but fought Goan occupation by Portuguese.",Reddit,india,0,1,0,0
"Thanks to the revisionist history that has been forced upon us a lot of brave individuals have been permanently erased because they didn't choose the path of non-violence.

http://en.wikipedia.org/wiki/Vanchinathan - predates Gandhi's involvement in India. The station was renamed in his honour only recently.",Reddit,india,1,1,0,1
"Sohan Singh Bhakna and Kartar Singh Sarbha of the gadhar movement 
http://en.wikipedia.org/wiki/Ghadar_Party",Reddit,india,0,0,0,0
"Same day, many years ago, I played Tirupur Kumaran in the drama troupe for my school's Independence day celebrations. Then a scorpion bit me in the ass half-way and most of my school got a good look at my butt cheeks as they treated me for the poison bite.

Very troo.",Reddit,india,1,0,0,1
sadly most of my ancestors during British rule were small rulers who were sympathetic with British :(,Reddit,india,0,0,0,0
"[Bhai Parmanand](http://en.wikipedia.org/wiki/Bhai_Parmanand)

My Hindi school textbook had a chapter on him, specifically on his time in Cellular Jail. Incredible stuff. 

Saw his name (amongst many others) on a marble slab in the jail in Andamans when I went there.",Reddit,india,1,1,0,0
"http://en.wikipedia.org/wiki/Gopal_Krishna_Gokhale - Mentor of Gandhi in his younger years.

started the Servants of India Society

> For Gokhale, true political change in India would only be possible when a new generation of Indians became educated as to their civil and patriotic duty to their country and to each other.",Reddit,india,1,1,1,1
"Bose. He was badass. Plus the conspiracy theories :)

Gandhi. No doubt. 

",Reddit,india,1,0,1,1
"I may be wrong here, but from what I've heard, Dalava wasn't exactly a freedom fighter. He was earlier allied with the British and began opposing them only when the Brits starting supporting a rival of his. Or something like that. ",Reddit,india,1,0,0,0
"Another throwaway:_

My father is freedom fighter from Punjab.


He worked with Nehru and Jinnah, was member of people who wrote constitution. Contested in India's first general election. Never had any political party membership. Never availed any government benefit based on Freedom fighter status. Did government job and raised kids in honest and moral way. Never used position or contacts unethical way. No complaints. Helped countless people in all possible ways. Thousand of people know him and received guidance of help in oneway of another.


PS: I am Old and my dad is in his late 90s. Have documents (ID cards, invitations, letters etc.) to prove everything. Right now I am outside Indian and do not have access. 

Funny thing is whenever I post something that I personally have intimate knowledge, it get downvoted. Sadly people here truly does not have sense of reality.",Reddit,india,1,1,1,1
We had *Pushp ki Abhilasha* as part of our 10th class curriculum. Never realized Chaturvedi was a freedom fighter though.,Reddit,india,0,0,0,0
They made a marathi movie [22 June 1897](http://en.wikipedia.org/wiki/22_June_1897) out of this. It is very good.,Reddit,india,0,0,0,0
"Famous can be a relative word. And some of us forget things we read. I'll confess to forgetting Udham Singh's saga, though I remember reading it.",Reddit,india,1,0,0,0
"If ""many"" people in /r/India don't know about them , then its probably wrong to call them famous, ain't it ?",Reddit,india,0,0,0,0
"Little known - Gokhale, seriously? This cannot be the state of education in a forum full of seemingly educated folks",Reddit,india,0,0,0,0
"From the wiki

>  Bal Gangadhar Tilak, his lifelong political opponent, said at his funeral: ""This diamond of India, this jewel of Maharashtra, this prince of workers is taking eternal rest on funeral ground. Look at him and try to emulate him"".

It's a pity that this trait is missing a lot among our politicians [along with several others]",Reddit,india,1,1,0,1
Gokhale is little known? Like how? He was one of the more famous moderate leaders of INC.,Reddit,india,0,0,0,0
Somebody should do Shaheed Udham Singh on Italian bitch and her family if she runs away to Italy.,Reddit,india,0,0,0,0
"Yup, he was a very controversial person. He got help from British and then later revolted against them. That is why I mentioned, I don't know if he will qualify as Freedom fighter.",Reddit,india,0,0,1,0
Indeed. They made a [movie](http://en.wikipedia.org/wiki/Sangolli_Rayanna_%28film%29) about him. Haven't watched it but heard it's good but too long.,Reddit,india,0,0,1,0
"My great grandfather was a very rich landlord who was deeply affected by Jallianwala bagh. He was a publisher of a local newspaper which advocated against the british. He participated in a number of movements and was jailed by the British. Unfortunately, the fucking British also took away his lands and riches. He sacrificed the ownership of a few villages to fight against the British. The only thing or recognition we got from the Government of India was a bronze plate thanking him.",Reddit,india,1,0,0,1
"Almost all freedom fighters were men of principle, integrity and discipline. Most of them were very well read and wrote insightfully. You will notice that even the most ""dented and painted"" guys of that era (like Nehru popularly) shine when compared to today's politicians. ",Reddit,india,1,1,1,1
"It's funny how much easier it was to take Tilak's side when you were growing up; but now that you've had time to grow up and think about things more, Gokhale seems to be more of a role model to look up to. ",Reddit,india,1,0,1,1
"Seriously. He was one of the leaders of the Congress during the Swadeshi movement, the single largest post-1857/pre-Gandhi movement of Colonial India. ",Reddit,india,0,1,1,1
Oh my. I just read the little known now. My bad.,Reddit,india,0,0,0,0
"He is more of man of deeds, not words.

He worked tirelessly to build the country and people (education, jobs, encourage empower them to be active member of society and government etc.), I guess until late 70s or early 80s. Then he primarily focused on people only. 

I reckon then he lost faith in government institutions and working little by little. He always did things in right way through proper channel and never took any shortcut. Even if it is difficult and painstakingly lengthy process.

He was not excited about me leaving India but did not stooped me either. 

TLDR: My father witnessed the democratic institutions he keenly helped build in mess. He does not have same positive outlook anymore about India.",Reddit,india,1,1,0,1
"Nope he's not. For the things he did, he's not that famous.",Reddit,india,0,0,0,1
He was relatively well covered in History Classes in school. He had multiple movies made after his story. Even a cursory reading of Jallianwala Bagh and O'Dyer on any encyclopedia would have brought you across his name.,Reddit,india,0,0,0,1
"Which movies though? I only know about one.

Also, history and other subjects syllabus do change from time to time and I did not read about him in school. 






",Reddit,india,0,0,0,0
Somebody should do Shaheed Udham Singh on Italian bitch and her family if she runs away to Italy.,Reddit,india,0,0,0,0